{"cameraMode":{"drawMode":0,"name":"Shaded","section":"Shading Mode"},"sceneLighting":false,"audioPlay":false,"sceneViewState":{"m_AlwaysRefresh":false,"showFog":true,"showSkybox":false,"showFlares":true,"showImageEffects":true,"showParticleSystems":true,"showVisualEffectGraphs":true,"m_FxEnabled":true},"in2DMode":false,"pivot":{"x":3.000013828277588,"y":0.00006696386844851077,"z":10.629998207092286},"rotation":{"x":-0.34477800130844118,"y":0.5935954451560974,"z":-0.31160736083984377,"w":-0.6570702195167542},"size":10.999999046325684,"orthographic":false}