{"cameraMode":{"drawMode":0,"name":"Shaded","section":"Shading Mode"},"sceneLighting":false,"audioPlay":false,"sceneViewState":{"m_AlwaysRefresh":false,"showFog":true,"showSkybox":false,"showFlares":true,"showImageEffects":true,"showParticleSystems":true,"showVisualEffectGraphs":true,"m_FxEnabled":true},"in2DMode":false,"pivot":{"x":-3.430274724960327,"y":-2.246453285217285,"z":3.8501429557800295},"rotation":{"x":0.13046514987945558,"y":-0.45285433530807497,"z":0.06726148724555969,"w":0.8794723749160767},"size":16.829761505126954,"orthographic":false}