{"cameraMode":{"drawMode":0,"name":"Shaded","section":"Shading Mode"},"sceneLighting":false,"audioPlay":false,"sceneViewState":{"m_AlwaysRefresh":false,"showFog":true,"showSkybox":false,"showFlares":true,"showImageEffects":true,"showParticleSystems":true,"showVisualEffectGraphs":true,"m_FxEnabled":true},"in2DMode":false,"pivot":{"x":205.3533477783203,"y":58.62567901611328,"z":30.724323272705079},"rotation":{"x":0.2554308772087097,"y":-0.013338585384190083,"z":0.0036915300879627468,"w":0.9667801856994629},"size":7.890249729156494,"orthographic":false}